﻿{
  "output_file": "settings.json",
  
  "Command": {
    "type": "textbox",
    "value": "!popup",
    "label": "Command for the script",
    "tooltip": "default = !popup",
    "group": ""
  },
  "Permission": {
    "type": "dropdown",
    "value": "Moderator",
    "items": [
      "Everyone",
      "Regular",
      "VIP+",
      "VIP Exclusive",
      "Subscriber",
      "GameWisp Subscriber",
      "User_Specific",
      "Min_Rank",
      "Min_Points",
      "Min_Hours",
      "Moderator",
      "Editor",
      "Caster"
    ],
    "label": "Permission",
    "tooltip": "Set the permission for use of command",
    "group": ""
  },
  "PermissionInfo": {
    "type": "textbox",
    "value": "",
    "label": "Permission info",
    "tooltip": "Leave blank, type a number or the specific users\n(like this: User1 User2 User3 User4)",
    "group": ""
  },
  "Cooldown": {
    "type": "numberbox",
    "label": "Personal cooldown after 'No permission!' message",
    "value": 180,
    "tooltip": "Cooldown in seconds.",
    "group": ""
  },
  "SoundWarning": {
    "type": "textbox",
    "value": "sound.mp3",
    "label": "Sound when warning",
    "tooltip": "The filename to the sound that you want to play when -w is used. (turn audio to 0 for no sound at all)",
    "group": ""
  },
  "SoundWarningVolume": {
    "type": "numberbox",
    "label": "Volume for -w sound",
    "value": 10,
    "tooltip": "Volume of the sound when -w is used.\nUnder 100: lower than normal\n100: normal\nAbove 100: higher than normal",
    "group": ""
  },
  "BackgroundColorWarning": {
    "type": "colorpicker",
    "label": "Background color when -w is used",
    "value": "rgba(255,102,105,1)",
    "tooltip": "",
    "group": ""
  },
  "LightColorWarning": {
    "type": "colorpicker",
    "label": "Light color when -w is used",
    "value": "rgba(255,0,0,1)",
    "tooltip": "",
    "group": ""
  },
  "TextColorWarning": {
    "type": "colorpicker",
    "label": "Text color when -w is used",
    "value": "rgba(0,0,0,1)",
    "tooltip": "",
    "group": ""
  },
  "SoundAnnounce": {
    "type": "textbox",
    "value": "sound.mp3",
    "label": "Sound when announcing",
    "tooltip": "The filename to the sound that you want to play when -a is used. (turn audio to 0 for no sound at all)",
    "group": ""
  },
  "SoundAnnounceVolume": {
    "type": "numberbox",
    "label": "Volume for -a sound",
    "value": 10,
    "tooltip": "Volume of the sound when -a is used.\nUnder 100: lower than normal\n100: normal\nAbove 100: higher than normal",
    "group": ""
  },
  "BackgroundColorAnnounce": {
    "type": "colorpicker",
    "label": "Background color when -a is used",
    "value": "rgba(163,255,156,1)",
    "tooltip": "",
    "group": ""
  },
  "LightColorAnnounce": {
    "type": "colorpicker",
    "label": "Light color when -a is used",
    "value": "rgba(135,212,232,1)",
    "tooltip": "",
    "group": ""
  },
  "TextColorAnnounce": {
    "type": "colorpicker",
    "label": "Text color when -a is used",
    "value": "rgba(0,0,0,1)",
    "tooltip": "",
    "group": ""
  },
  "SoundKeyCode": {
    "type": "textbox",
    "value": "sound.mp3",
    "label": "Sound when colorname or hexcode is used",
    "tooltip": "The filename to the sound that you want to play when a colorname or hexcode is used. (turn audio to 0 for no sound at all)",
    "group": ""
  },
  "SoundKeyCodeVolume": {
    "type": "numberbox",
    "label": "Sound volume when colorname or hexcode is used",
    "value": 10,
    "tooltip": "Volume of the sound when colorname or hex is used.\nUnder 100: lower than normal\n100: normal\nAbove 100: higher than normal",
    "group": ""
  },
  "BackgroundColorKeyCode": {
    "type": "colorpicker",
    "label": "Background color when colorname or hexcode is used",
    "value": "rgba(135,212,232,1)",
    "tooltip": "",
    "group": ""
  },
  "TextColorKeyCode": {
    "type": "colorpicker",
    "label": "Text color when colorname or hexcode is used",
    "value": "rgba(0,0,0,1)",
    "tooltip": "",
    "group": ""
  },
  "OpenInfoFile": {
    "type": "button",
    "label": "Open information file",
    "tooltip": "Open information file.\nNot working? Reload the script settings window (leftclick on annother script and then back)",
    "function": "OpenWarnAnnounceInfo",
    "wsevent": "",
    "group": ""
  },
  "Reload": {
    "type": "button",
    "label": "Reload",
    "tooltip": "Reload the script settings (save first).\nNot working? Reload the script settings window (leftclick on annother script and then back)",
    "function": "ReloadWarnAnnounceScript",
    "wsevent": "",
    "group": ""
  },
  "OpenDir": {
    "type": "button",
    "label": "Sound files",
    "tooltip": "Reload the script settings (save first).\nNot working? Reload the script settings window (leftclick on annother script and then back)",
    "function": "OpenWarnAnnounceSoundFiles",
    "wsevent": "",
    "group": ""
  }
 }